,Louvain,Greedy,FluidC,Girvan-Newman
Louvain,1.0,0.9631554631554632,0.45203826419753546,0.9676250126861236
Greedy,0.9631554631554632,1.0,0.41396057571614814,0.9676250126861236
FluidC,0.45203826419753546,0.41396057571614814,1.0,0.41537500539299455
Girvan-Newman,0.9676250126861236,0.9676250126861236,0.41537500539299455,1.0
