,Louvain,Greedy,FluidC,Girvan-Newman
Louvain,1.0,0.9432561310101322,0.37729514259444585,0.9382016856753157
Greedy,0.9432561310101321,1.0,0.3795317457156179,0.9382016856753159
FluidC,0.3772951425944459,0.3795317457156179,1.0,0.38137608891433944
Girvan-Newman,0.9382016856753159,0.9382016856753159,0.3813760889143394,1.0
