,Louvain,Greedy,FluidC,Girvan-Newman
Louvain,1.0,0.9631554631554632,0.15307976654797825,0.9676250126861236
Greedy,0.9631554631554632,1.0,0.14585656626267315,0.9676250126861236
FluidC,0.15307976654797825,0.14585656626267315,1.0,0.13804247723755542
Girvan-Newman,0.9676250126861236,0.9676250126861236,0.13804247723755542,1.0
