,Louvain,Greedy,FluidC,Girvan-Newman
Louvain,1.0,0.9432561310101322,0.6400354903184309,0.9382016856753157
Greedy,0.9432561310101321,1.0,0.580272444551468,0.9382016856753157
FluidC,0.6400354903184309,0.580272444551468,1.0,0.5831607458508793
Girvan-Newman,0.9382016856753159,0.9382016856753159,0.5831607458508793,1.0
