Louvain community,anger,anticipation,disgust,fear,joy,sadness,surprise,trust
0,0.0,0.05555555555555555,0.06666666666666667,0.0,0.12222222222222223,0.06666666666666667,0.13333333333333333,0.12222222222222223
1,0.07666561833228501,0.0723367832844957,0.08338511524786034,0.05717846967846968,0.06953974976850794,0.02466831764217385,0.0103169282907845,0.05415383454599141
2,0.015625,0.008333333333333333,0.057291666666666664,0.016666666666666666,0.0875,0.13333333333333333,0.0,0.08229166666666667
3,0.0,0.125,0.0,0.0,0.125,0.0,0.0,0.125
4,0.12777777777777777,0.027777777777777776,0.12777777777777777,0.12777777777777777,0.05555555555555555,0.18333333333333335,0.0,0.05555555555555555
5,0.1111111111111111,0.0,0.1111111111111111,0.0,0.0,0.0,0.0,0.0
6,0.04,0.2,0.0,0.04,0.0,0.04,0.0,0.2
7,0.042980096826250674,0.10087860857091627,0.05728886498117268,0.020602474448628297,0.0631163708086785,0.02167832167832168,0.05128205128205128,0.09822485207100591
8,0.1,0.0,0.1,0.1,0.0,0.1,0.0,0.0
9,0.021553884711779447,0.03937417072091995,0.030539584254754535,0.013157894736842105,0.08347338935574229,0.02464985994397759,0.0337719298245614,0.10160695857290285
